ticker,company_name,isin,price,williams_r,rsi,current_ratio,quick_ratio,debt_to_equity,free_cash_flow,sentiment_score,article_count,fundamental_status
BEN,"Franklin Resources, Inc.",US3546131018,26.239999771118164,-82.8685153002022,43.29370969956503,5.2970989396641786,5.2970989396641786,1.49623812309949,-409600000.0,0.022727272727272728,5,OK
MPWR,"Monolithic Power Systems, Inc.",US6098391054,1023.1599731445312,-95.61045560289882,30.111294072080952,5.912314377377391,4.383612415902968,0.1876546971440157,666189000.0,0.05333333333333333,5,OK
INCY,Incyte Corporation,-,95.94000244140625,-91.05580641966998,30.888892782080077,3.31573486803461,3.2490360817598027,0.3464930087752672,1364798000.0,0.11000000000000001,5,OK
MNST,Monster Beverage Corporation,-,75.61000061035156,-97.43379381298753,34.44620590305617,3.7029686830872093,3.150658939894183,,1965902000.0,0.013636363636363636,5,OK
TECH,Bio-Techne Corp,US09073M1045,53.88999938964844,-98.24891767514397,33.12849050097839,4.539273353937305,3.076246564026605,,98712000.0,-0.015555555555555555,5,OK
ON,ON Semiconductor Corporation,-,56.869998931884766,-98.54142384327784,10.093662503381537,4.522093655354508,2.9770132794905644,0.629742092711089,1418600000.0,0.09545454545454546,5,OK
TXN,Texas Instruments Incorporated,-,193.22999572753906,-94.82200364509063,6.268224941832173,4.352643241532131,2.831908831908832,1.12529957598476,2603000000.0,0.05714285714285714,5,OK
CVNA,Carvana Co.,US1468691027,317.70001220703125,-84.73660587370256,42.01206137377397,4.311389071757735,2.726135615536537,2.6149375181633245,889000000.0,0.02,5,OK
VRTX,Vertex Pharmaceuticals Incorpor,-,456.69000244140625,-88.68635598493908,34.437089529228075,2.9009116336890086,2.464052626126593,0.37379592623943253,3193800000.0,0.12,5,OK
MLM,"Martin Marietta Materials, Inc.",US5732841060,609.989990234375,-90.992385498691,28.848465114761098,3.5675977653631286,2.363128491620112,0.8649322169059012,978000000.0,-0.025555555555555554,5,OK
FSLR,"First Solar, Inc.",US3364331070,189.2100067138672,-96.9098020067402,29.15810156429592,2.6746047871835437,2.3477633221566725,0.3966575567836965,1187230000.0,0.195,5,OK
DECK,Deckers Outdoor Corporation,-,104.25,-97.1982935804556,26.647683200843275,2.855635294660109,2.3045118374725844,,1018572000.0,-0.08,5,OK
PODD,Insulet Corporation,-,237.00999450683594,-91.10260683977474,45.65711063391599,2.8142920158800178,2.1488016468166444,1.105596620908131,377700000.0,0.0,5,OK
BIIB,Biogen Inc.,US09062X1037,184.8699951171875,-82.85314153050642,35.3311417960487,2.67931569833403,2.0320057323699765,0.7556184710190954,2050800000.0,0.12575757575757576,5,OK
IEX,IDEX Corporation,-,197.89999389648438,-94.22704239315117,26.893227962977576,2.8557525199860967,2.022592978797358,0.7202482929857231,616800000.0,0.08474747474747475,5,OK
AMD,"Advanced Micro Devices, Inc.",US0079031078,192.42999267578125,-86.6051783768878,40.468562525078056,2.850026441036489,2.012374405076679,,6735000000.0,0.18,5,OK
GOOG,Alphabet Inc.,CA02080M1005,298.29998779296875,-91.84364663473505,41.5015309197411,2.005333592875566,1.9765536035816829,0.4334966828410774,73266000000.0,0.315,5,OK
GOOGL,Alphabet Inc.,CA02080M1005,298.5199890136719,-91.09571989247661,42.314252691135444,2.005333592875566,1.9765536035816829,0.4334966828410774,73266000000.0,0.315,5,OK
VMC,Vulcan Materials Company (Holdi,-,274.989990234375,-98.04265100787472,23.31240161675626,2.6858069239619287,1.9740612906599728,0.9561764671382154,1135300000.0,0.10333333333333335,5,OK
PKG,Packaging Corporation of Americ,-,222.52000427246094,-87.12070353961597,19.999992303254842,3.165894985715693,1.9411880602896265,,728600000.0,0.04444444444444444,5,OK
SNDK,Sandisk Corporation,-,527.3300170898438,-99.57551857314431,36.11663236637832,3.1136638452237,1.9226118500604594,0.2726916674826202,1418000000.0,0.05833333333333333,5,OK
DD,"DuPont de Nemours, Inc.",-,45.2599983215332,-87.89663597731065,24.470008627195483,2.418655097613883,1.9101952277657266,0.5368201738630649,343000000.0,0.06363636363636363,5,OK
MDT,Medtronic plc.,IE00BTN1Y115,90.9000015258789,-94.9057692696759,27.571786108988505,2.535123749341759,1.8706687730384413,0.8633050933959375,3341000000.0,0.1,5,OK
NKE,"Nike, Inc.",US6541061031,57.0099983215332,-97.78337281376407,29.199489725651034,2.0631443298969074,1.8298969072164948,,401000000.0,0.045,5,OK
SWKS,"Skyworks Solutions, Inc.",US83088M1027,54.810001373291016,-96.53910749107857,18.41071129066904,2.3961389961389963,1.8034749034749036,0.3662157703728143,339000000.0,0.034444444444444444,5,OK
MU,"Micron Technology, Inc.",US5951121038,370.29998779296875,-94.09098743692145,37.8424457541741,2.4597844112769485,1.779436152570481,0.46194265891235586,3022000000.0,-0.07666666666666666,5,OK
STE,STERIS plc (Ireland),-,230.50999450683594,-84.32715293689633,30.73648023632515,2.478802992518703,1.7485633741732625,0.4785100286532951,727200000.0,-0.015555555555555555,5,OK
NDSN,Nordson Corporation,-,272.8399963378906,-94.5221314638653,23.90369106748473,2.720734095715891,1.7401037715547691,,122915000.0,0.0,5,OK
INTC,Intel Corporation,-,43.41999816894531,-86.02621396703951,39.38248096017814,2.017038796516231,1.649089469517023,,-4949000000.0,-0.16809523809523808,5,OK
LRCX,Lam Research Corporation,-,199.3300018310547,-98.4807286806529,29.221720276611677,2.2561850641695127,1.6063246792731485,1.108454686870714,3259009000.0,0.16,5,OK
GWW,"W.W. Grainger, Inc.",US3848021040,1112.7900390625,-88.62830922150816,43.210147874158814,2.8268041237113404,1.592783505154639,,1331000000.0,-0.030555555555555558,5,OK
A,"Agilent Technologies, Inc.",US00846U1016,115.06999969482422,-96.94091846486596,29.409508720124904,2.0658012533572068,1.5917636526410026,0.8548060220034742,175000000.0,0.095,5,OK
WYNN,"Wynn Resorts, Limited",US9831341071,101.61000061035156,-87.38686250309283,32.651863032066586,1.6331286080996703,1.579282950477672,-51.3241618631394,692220000.0,0.12301587301587302,5,OK
NUE,Nucor Corporation,-,168.75,-93.11941076736628,24.087354054471774,2.938311688311688,1.5741758241758241,0.6199847153228888,-188000000.0,0.095,5,OK
ALB,Albemarle Corporation,-,162.2899932861328,-87.48999367475022,47.327532610235,2.2291662495467297,1.5733029892483166,,692466000.0,0.06727272727272728,5,OK
BAX,Baxter International Inc.,US0718131099,17.690000534057617,-96.91294751501238,35.000644642609316,2.3138047138047138,1.5622895622895623,2.276554087126774,845000000.0,0.06888888888888889,5,OK
ELV,"Elevance Health, Inc.",US0367521038,289.6400146484375,-88.45387993129432,18.88744706099662,1.5352991348848544,1.5352991348848544,1.7653707670571077,3174000000.0,-0.021111111111111115,5,OK
TMO,Thermo Fisher Scientific Inc,US8835561023,501.9700012207031,-88.29294373650369,48.15581450916969,1.8899861742050168,1.5328198038053855,,6293000000.0,0.05714285714285714,5,OK
DHR,Danaher Corporation,-,195.5,-98.48543926350122,25.145515821223483,1.873953283384751,1.5083002791244307,0.16074161495412495,5260000000.0,-0.04055555555555555,5,OK
IR,Ingersoll Rand Inc.,US45687V1061,86.43000030517578,-97.34953738011343,15.729006975359624,2.0558486183032474,1.4882156511639162,0.8070724890483458,1355700000.0,0.14666666666666667,5,OK
IVZ,Invesco Ltd,BMG491BT1088,23.670000076293945,-88.62993239341053,31.025297639078346,1.4633058284981193,1.4633058284981193,1.1519172594227782,1441000000.0,0.19714285714285715,5,OK
FCX,"Freeport-McMoRan, Inc.",US35671D8570,59.36000061035156,-90.19096334016469,41.33466163840884,2.291078252201362,1.4573849476657252,1.4498650722260438,5610000000.0,0.0,5,OK
TER,"Teradyne, Inc.",US8807701029,273.04998779296875,-86.8523853925532,35.47237680612781,1.7479266181076698,1.4075844215468518,0.4964127719482987,450406000.0,0.06999999999999999,5,OK
GILD,"Gilead Sciences, Inc.",US3755581036,143.92999267578125,-92.01109310600663,28.32483195281928,1.5526961821721832,1.4025226445441463,,9456000000.0,0.12666666666666665,5,OK
RVTY,"Revvity, Inc.",-,91.33999633789062,-96.63279164974209,40.59366035158247,1.6824441162640114,1.397375090704498,0.6783181800627831,509411000.0,-0.015555555555555555,5,OK
NXPI,NXP Semiconductors N.V.,NL0009538784,201.74000549316406,-98.85971935419816,10.75566495525463,2.045864467920639,1.3818603452718372,1.5838305489260143,2423000000.0,0.08888888888888888,5,OK
ADI,"Analog Devices, Inc.",US0326541051,315.80999755859375,-93.17498967516623,36.94911518357579,1.755527091598599,1.3474786422184521,,1259202000.0,0.12,5,OK
ULTA,"Ulta Beauty, Inc.",US90384S3031,646.3400268554688,-88.44067711291036,37.351531399788776,1.3279373104822776,1.3279373104822776,1.6632186536038167,78922000.0,0.205,5,OK
MMM,3M Company,-,153.41000366210938,-93.36212817522262,19.82959791068393,1.7078686816050026,1.3263157894736841,7.015312632922161,1396000000.0,0.04,5,OK
MRK,"Merck & Company, Inc.",-,115.79000091552734,-82.59716189211686,36.35920552013069,1.5362022099057437,1.3011614360857133,,12360000000.0,0.0,5,OK
STLD,"Steel Dynamics, Inc.",US8581191009,181.61000061035156,-95.34967112622003,38.642012576711295,3.055322784171923,1.293744763821861,0.836130046257852,501509000.0,0.007272727272727269,5,OK
DOV,Dover Corporation,-,208.4199981689453,-94.8864900740783,17.017966017146748,1.7895412685939862,1.2841652276424476,0.5039558656437106,149992000.0,0.12,5,OK
XYL,Xylem Inc.,US98419M1009,123.1500015258789,-97.7257468745773,39.48854598367463,1.625,1.2808123249299719,0.5126306620209059,1241000000.0,0.0,5,OK
FDX,FedEx Corporation,-,359.1000061035156,-86.58627264359467,37.531935293395456,1.2737757493524116,1.2737757493524116,,3667000000.0,0.0706060606060606,5,OK
WAT,Waters Corporation,-,302.5400085449219,-98.13611333513815,36.11888320946107,1.7326718295053083,1.2708957409404928,0.9820657321721259,652555000.0,-0.09361111111111112,5,OK
TKO,"TKO Group Holdings, Inc.",US87256C1018,202.67999267578125,-87.45495660267034,46.8395663936089,1.2608854768095723,1.2608854768095723,1.671154747134424,1285725000.0,0.0,5,OK
KO,Coca-Cola Company (The),-,77.04000091552734,-82.80468870403416,41.10628044108228,1.4587660354306657,1.2508340773459894,,5296000000.0,0.04,5,OK
ALGN,"Align Technology, Inc.",US0162551016,174.0,-80.70851882629701,33.95327112480399,1.3627820615984771,1.24489600341664,0.5395077037213023,490778000.0,0.08444444444444445,5,OK
HAS,"Hasbro, Inc.",US4180561072,94.48999786376953,-83.81749973429685,20.869328783724782,1.380845491956603,1.241996686441131,1.664646990682784,829900000.0,0.022083333333333333,5,OK
APD,"Air Products and Chemicals, Inc",US0091581068,272.17999267578125,-85.67396583193792,38.120662602764426,1.458932502358558,1.233625889819606,1.5185999883202586,-350500000.0,0.26958333333333334,5,OK
EME,"EMCOR Group, Inc.",US29084Q1004,705.7899780273438,-93.45437063955798,24.627537943675705,1.2204354010532503,1.2204354010532503,1.528716278745675,1302063000.0,0.16666666666666669,5,OK
PPG,"PPG Industries, Inc.",US6935061076,106.69999694824219,-97.88899532615214,11.45550775581792,1.6242857142857143,1.2169387755102041,1.7631280695126559,1163000000.0,0.02727272727272727,5,OK
WDC,Western Digital Corporation,-,245.25,-98.28301077544891,36.07341205027181,1.454984544049459,1.1943585780525503,1.163127548867951,1252000000.0,0.03333333333333333,5,OK
CMG,"Chipotle Mexican Grill, Inc.",US1696561059,35.369998931884766,-95.27410289729453,45.38232557716668,1.2346613451927464,1.1929929250880786,2.1775979498390274,1447590000.0,0.09833333333333334,5,OK
LLY,Eli Lilly and Company,-,990.3300170898438,-82.27179770637653,39.06669801498002,1.5791132054047916,1.1889690019302828,,16813000000.0,0.03333333333333333,5,OK
ABT,Abbott Laboratories,US0028241000,109.55999755859375,-81.48154173777306,39.54422009078576,1.5758971871968963,1.1825897187196897,,7395000000.0,0.17444444444444446,5,OK
UPS,"United Parcel Service, Inc.",US9113121068,102.36000061035156,-86.16090422212723,19.641455128394128,1.219270166453265,1.1719590268886044,,4765000000.0,-0.03111111111111111,5,OK
MCHP,Microchip Technology Incorporat,-,64.7699966430664,-96.89379184093872,7.157163244388428,2.1623713773246482,1.1638818087416218,,628200000.0,0.0,5,OK
BLDR,"Builders FirstSource, Inc.",US12008R1077,93.12000274658203,-91.50636615148399,14.304596035336672,1.8586620070212154,1.1635985094044792,1.5820041169500565,853284000.0,0.2,5,OK
ALLE,Allegion plc,IE00BFRT3W74,150.3699951171875,-91.83733828462933,17.68360311852085,1.842467566851999,1.1554143500132381,2.3940681180307974,691700000.0,0.19158730158730158,5,OK
CMI,Cummins Inc.,US2310211063,539.22998046875,-83.40140820843072,25.453313940867005,1.7611862643080125,1.1553590010405828,1.6668556158393393,2386000000.0,0.08363636363636365,5,OK
CRH,CRH PLC,IE0001827041,106.41000366210938,-94.88112637805256,18.471582490497966,1.7425177061914554,1.1426776330820196,1.368563572737877,2912000000.0,0.1938888888888889,5,OK
MAS,Masco Corporation,-,63.65999984741211,-91.56241618305094,12.143901888990925,1.8054672600127146,1.140495867768595,-27.7027027027027,905000000.0,0.06,5,OK
LVS,Las Vegas Sands Corp.,US5178341070,53.599998474121094,-96.10170368215175,33.878281730410094,1.1444812884888678,1.1335859782093793,12.569811320754717,1855000000.0,0.35666666666666663,5,OK
GEHC,GE HealthCare Technologies Inc.,-,74.2699966430664,-99.3813286947245,31.837239723040895,1.3729818780889622,1.127622185612301,2.534637248289816,131000000.0,0.0,5,OK
CDW,CDW Corporation,US12514G1085,123.41999816894531,-80.31233565868705,41.95117228230107,1.1763606924897247,1.0983933241997759,2.2921990714093856,1088100000.0,0.04444444444444444,5,OK
BF-B,Brown Forman Inc,-,25.260000228881836,-97.35916178748107,22.50879157958194,2.7673202614379084,1.0941176470588236,1.0338069573738364,628000000.0,0.06999999999999999,5,OK
AMCR,Amcor plc,JE00BV7DQ550,43.279998779296875,-90.20640402106494,14.481512546275269,1.3010033444816054,1.092885375494071,2.182794774836714,-114000000.0,-0.06555555555555556,5,OK
SYY,Sysco Corporation,-,85.2300033569336,-84.33116438189744,27.773164506701335,1.2954616588419405,1.0791063119457485,,611000000.0,-0.015555555555555555,5,OK
BSX,Boston Scientific Corporation,-,71.3499984741211,-92.87412583610752,39.66990247796987,1.6168413311270453,1.0757492186063615,,3658000000.0,-0.015555555555555555,5,OK
TEL,TE Connectivity plc,-,205.85000610351562,-87.31043062865264,28.975671172197693,1.6508187019135925,1.0686525942000396,0.9973491846734678,607000000.0,-0.0033333333333333383,5,OK
UHS,"Universal Health Services, Inc.",US9139031002,192.64999389648438,-93.35207517179039,11.289526923567777,1.0519551636142845,1.0519551636142845,,849245000.0,0.2,5,OK
LULU,lululemon athletica inc.,US5500211090,170.1300048828125,-84.02856105780506,42.857152758693225,2.1299021430599305,1.045401668350361,0.7670260680587372,-37996000.0,0.14727272727272728,5,OK
IP,International Paper Company,-,39.529998779296875,-97.05706207895857,8.722581611281626,1.2794024560070896,1.0246866691986327,,1164000000.0,0.16999999999999998,5,OK
GM,General Motors Company,-,75.20999908447266,-84.70084483418448,35.140070333647586,1.165252512266718,1.010263332690536,3.5687102210441926,17564000000.0,0.02116161616161616,5,OK
HUBB,Hubbell Inc,US4435106079,471.5400085449219,-84.09712944856864,23.70906118587807,1.7193610393053622,1.0009942334460131,1.135918293094935,1029800000.0,0.06999999999999999,5,OK
EL,"Estee Lauder Companies, Inc. (T",US5184391044,92.72000122070312,-91.77531067375324,27.493253163039327,1.3579965850882185,0.9984822614304686,2.169436864301662,581000000.0,0.06999999999999999,5,OK
SLB,SLB Limited,AN8068571086,46.900001525878906,-90.09739244380287,30.589551206488466,1.3255213640377692,0.9836967597309966,1.0562258225133097,4795000000.0,0.3,5,OK
SW,Smurfit WestRock plc,-,42.849998474121094,-93.5294959095519,17.015478811940085,1.4777746319365799,0.9549830124575311,1.4624870409777924,3392000000.0,0.08,5,OK
PNR,Pentair plc.,IE00BLS09M33,92.16999816894531,-98.9300638922466,25.6613458665404,1.6072135932450746,0.947774418847076,0.6613020569236535,746000000.0,0.007272727272727269,5,OK
F,Ford Motor Company,-,12.149999618530273,-95.66787488345895,26.82354187222073,1.0748280964400732,0.9417877970232397,7.042167334223409,21282000000.0,0.03282828282828283,5,OK
AOS,A.O. Smith Corporation,-,71.01000213623047,-91.10734335266923,16.128998737730058,1.4973913043478262,0.9416811594202898,0.6914962325080732,616800000.0,0.10857142857142858,5,OK
CAT,"Caterpillar, Inc.",US1491231015,680.9000244140625,-87.30958928239404,22.956534846108312,1.4356638765796816,0.9396028229115378,,8918000000.0,0.04,5,OK
TT,Trane Technologies plc,IE00BK9ZQ967,423.1300048828125,-94.62350873883707,27.75394366248466,1.250735680086532,0.9161245168371324,1.4942885117493472,2917300000.0,0.07444444444444445,5,OK
IDXX,"IDEXX Laboratories, Inc.",-,608.4099731445312,-81.08150506497415,43.00788760479069,1.2306839923608173,0.9018613979286464,1.087202243950509,1057129000.0,0.3504761904761905,5,OK
SOLV,Solventum Corporation,-,69.41000366210938,-96.77167002786106,32.79147799877177,1.230548469387755,0.890625,1.8310556545850663,-10000000.0,0.0,5,OK
ITW,Illinois Tool Works Inc.,US4523081093,277.1600036621094,-91.71073863287738,15.66712735558336,1.2095200936402652,0.8858759266484588,,2707000000.0,0.02777777777777778,5,OK
IFF,International Flavors & Fragran,US4595061015,73.7699966430664,-89.29766825017016,21.28190800202627,1.42232392575642,0.8515128400711924,,256000000.0,0.0,5,OK
CARR,Carrier Global Corporation,US14448C1045,58.349998474121094,-93.40198478476863,29.845623677724703,1.1994658420016868,0.8504357604723082,8.550982573229515,2513000000.0,-0.006325757575757577,5,OK
WY,Weyerhaeuser Company,-,24.5,-87.13137798541007,17.20113262147821,1.2926447574334898,0.8286384976525821,0.7624655208996393,450000000.0,0.048888888888888885,5,OK
VTRS,Viatris Inc.,US92556V1061,14.15999984741211,-93.14515694867231,30.31783250487213,1.3798683450093738,0.8161481752956599,-111.8497512437811,1937100000.0,0.02727272727272727,5,OK
ETN,"Eaton Corporation, PLC",-,347.75,-89.54123699041526,23.86650677613018,1.3185699039487726,0.8147278548559231,,3553000000.0,-0.035555555555555556,5,OK
MTD,"Mettler-Toledo International, I",US5926881054,1209.6500244140625,-99.81698043495072,17.36411247534764,1.13734145942463,0.8141440394753096,-158.07590116771027,848648000.0,0.049999999999999996,5,OK
ECL,Ecolab Inc.,US2788651006,282.69000244140625,-89.73663387554761,31.152778446716738,1.0760474822483603,0.8067645942869532,1.5241126622180374,1904300000.0,-0.08499999999999999,5,OK
ROK,"Rockwell Automation, Inc.",US7739031091,369.8299865722656,-93.47250593273743,39.31780394142718,1.1555619930475087,0.8027230590961761,,170000000.0,-0.03111111111111111,5,OK
COO,"The Cooper Companies, Inc.",-,76.55000305175781,-83.88770676486007,26.18341834589758,1.337218775459046,0.7879927304631197,0.4854491977330878,158700000.0,0.0,5,OK
HSIC,"Henry Schein, Inc.",US8064071025,77.5999984741211,-80.3436425396073,48.3528640480784,1.3828996282527881,0.7627013630731103,1.9787365177195686,712000000.0,-0.05555555555555556,5,OK
AVY,Avery Dennison Corporation,-,179.63999938964844,-92.15633152282543,26.67288853531683,1.126884232740428,0.7591573711184806,,712400000.0,-0.025,5,OK
BALL,Ball Corporation,US0584981064,62.529998779296875,-87.69047796669794,24.574299717504516,1.1140878439948971,0.747220703480955,2.6015495296070834,788000000.0,0.05888888888888889,5,OK
STX,Seagate Technology Holdings PLC,-,352.79998779296875,-97.53965561352183,29.704403899532878,1.119117256048923,0.7208189311353363,17.971677559912855,1034000000.0,0.09333333333333334,5,OK
STZ,"Constellation Brands, Inc.",US21036P1084,146.47000122070312,-96.26930430230992,45.731521795666694,1.3386250690226393,0.7039849070495122,1.7745370130206983,1450100000.0,0.06727272727272728,5,OK
AME,"AMETEK, Inc.",US0311001004,221.97999572753906,-93.91669433525765,41.554495015550316,1.0622952688099419,0.673093185758026,0.5117006777631989,1671515000.0,0.08666666666666667,5,OK
PH,Parker-Hannifin Corporation,-,923.719970703125,-94.7288214173595,28.651154775136803,1.1818928688793953,0.6639829116003944,1.1313674795611768,1461000000.0,0.23333333333333334,5,OK
TSN,"Tyson Foods, Inc.",US9024941034,61.43000030517578,-90.81172115252873,41.324158089039415,1.5334515556988555,0.6619377720457843,,690000000.0,0.027500000000000007,5,OK
LW,"Lamb Weston Holdings, Inc.",US5132721045,46.029998779296875,-84.07822047565439,30.800376291181962,1.4332549354999644,0.636590406956026,1.4270975832193342,375400000.0,0.05888888888888889,5,OK
LII,"Lennox International, Inc.",US5261071071,517.469970703125,-82.3004130757698,32.11634410511364,1.597415673770767,0.6303070985064608,2.509414495744132,638800000.0,0.1,5,OK
WSM,"Williams-Sonoma, Inc.",US9699041011,186.52000427246094,-91.41973192338601,26.392855977909818,1.4269181755257556,0.6016568879228741,1.5684182173912622,539460000.0,0.1,5,OK
POOL,Pool Corporation,US73278L1052,213.66000366210938,-95.5703632336961,18.779168409268138,2.2377570900333414,0.585255911437773,2.0594307091709703,309516000.0,0.021851851851851855,5,OK
MOS,Mosaic Company (The),-,26.309999465942383,-87.80921121359272,28.644499469747302,1.3150296273978106,0.47064878979612335,,-534600000.0,0.06833333333333333,5,OK
GPC,Genuine Parts Company,-,115.5199966430664,-92.74271252139228,14.962707507137495,1.0793882733490638,0.4590185339668492,,420924000.0,0.2885714285714286,5,OK
SWK,"Stanley Black & Decker, Inc.",US8545021011,76.08000183105469,-88.53044158671041,23.608172649121386,1.1397906857044817,0.34731303734487295,,687900000.0,-0.1048148148148148,5,OK
HD,"Home Depot, Inc. (The)",-,357.9200134277344,-89.41677140404899,27.009025669089283,1.0508627462391247,0.28841621322780575,7.77137669197755,12978000000.0,0.21583333333333332,5,OK
DG,Dollar General Corporation,US2566771059,146.30999755859375,-85.63218201808473,35.423937674710956,1.1714032115602973,0.24118534876249714,2.8746688915655,2818825000.0,0.010000000000000004,5,OK
TSCO,Tractor Supply Company,-,50.15999984741211,-88.6498561744181,28.322845747923907,1.3416964721820928,0.16206512347343552,3.235737283601668,740489000.0,0.03968253968253968,5,OK
LOW,"Lowe's Companies, Inc.",US5486611073,251.88999938964844,-91.59065842952255,18.45005379629336,1.0395352424039894,0.15613593131458536,-6.148622616066269,6687000000.0,0.19583333333333333,5,OK
BXP,"BXP, Inc.",US1011211018,52.939998626708984,-99.13979241479413,25.188620470241602,,,3.589128048508021,,0.011717171717171715,5,Red Flag
AES,The AES Corporation,US00130H1059,14.149999618530273,-98.870057562597,29.867660988006776,0.7656617993405558,,,,0.17333333333333334,5,Red Flag
EMR,Emerson Electric Company,-,138.36000061035156,-98.01407746573675,37.16837604816436,0.8405893536121672,,,,-0.011363636363636364,5,Red Flag
DAL,"Delta Air Lines, Inc.",US2473617023,59.0099983215332,-96.95140863813731,31.379470403959616,0.3970460469157255,,,,-0.04,5,Red Flag
CCL,Carnival Corporation,AR0180391374,25.790000915527344,-95.8498401298947,27.416923020629042,0.3222578673999389,,,,0.19893939393939394,5,Red Flag
BLK,"BlackRock, Inc.",US09290D1019,955.4500122070312,-95.77672964431424,26.20125096977725,,,1.940595476667621,,-0.12,5,Red Flag
LEN,Lennar Corporation,-,101.16999816894531,-95.55278693223887,14.15958777949622,,,0.5596609418182641,,0.2,5,Red Flag
PCAR,PACCAR Inc.,US6937181088,120.43000030517578,-95.4461141828815,37.142855436534326,,,,,-0.015555555555555555,5,Red Flag
ZBRA,Zebra Technologies Corporation,-,219.64999389648438,-94.60070163198206,22.808068394237495,0.9697624190064795,,1.3695652173913044,,0.16,5,Red Flag
UAL,"United Airlines Holdings, Inc.",US9100471096,92.06999969482422,-94.11558625009555,34.88943268524983,0.645046492939961,,,,0.03,5,Red Flag
TFC,Truist Financial Corporation,US89832Q1094,46.4900016784668,-93.7491962451654,27.882242744038635,,,7.39923913543696,,0.0362962962962963,5,Red Flag
LUV,Southwest Airlines Company,-,41.560001373291016,-92.55464345607419,24.90803530209584,0.5168940573207582,,,,0.041428571428571426,5,Red Flag
RJF,"Raymond James Financial, Inc.",US7547301090,152.0500030517578,-92.0033377417114,40.309859343394365,,,6.060938743038982,,0.0,5,Red Flag
PNC,"PNC Financial Services Group, I",US6934751057,206.1199951171875,-91.99709745247635,27.066015850078898,,,8.466386069159032,,0.023928571428571428,5,Red Flag
NCLH,Norwegian Cruise Line Holdings ,-,20.049999237060547,-91.9854527312782,43.825041520814224,0.20880787194752132,,9.200245894814579,,0.06363636363636363,5,Red Flag
COF,Capital One Financial Corporati,-,187.7100067138672,-91.75065026178142,37.07310627830356,,,4.888334389522602,,-0.175,5,Red Flag
CPAY,"Corpay, Inc.",-,314.3999938964844,-91.7309018096428,38.2450305507407,0.9766773076009201,,,,0.023333333333333338,5,Red Flag
NVR,"NVR, Inc.",US62944T1051,6958.830078125,-91.44405072398597,30.858603153510003,,,0.515427819157648,,0.06444444444444444,5,Red Flag
AXP,American Express Company,-,301.0,-91.34552463056593,31.430600433854025,,,7.963733046543586,,0.0,0,Red Flag
DLTR,"Dollar Tree, Inc.",US2567461080,115.79000091552734,-90.84478816517742,32.75109539614553,0.9590467376214715,,2.9415533812451296,,0.27999999999999997,5,Red Flag
SHW,Sherwin-Williams Company (The),-,329.8800048828125,-90.76117216712312,19.71502931685626,0.8680837535944973,,,,0.019999999999999997,5,Red Flag
TAP,Molson Coors Beverage Company,-,46.63999938964844,-90.37314977892882,26.46722883390393,0.5527415831889734,,1.1921155782332873,,-0.16666666666666669,5,Red Flag
FITB,Fifth Third Bancorp,US3167731005,47.29999923706055,-90.14396998935433,28.44959051115505,,,8.86816424231265,,-0.01,5,Red Flag
DHI,"D.R. Horton, Inc.",US23331A1097,147.25999450683594,-89.90565470674568,15.125755354191156,,,0.42025379758704756,,0.015462962962962967,5,Red Flag
USB,U.S. Bancorp,US9029733048,52.369998931884766,-89.81670029453193,31.214685079949717,,,9.612903225806452,,0.06704545454545455,5,Red Flag
IBKR,"Interactive Brokers Group, Inc.",US45841N1072,66.69999694824219,-89.65645238625893,29.025706017988668,,,34.07943315308596,,0.15,5,Red Flag
SYF,Synchrony Financial,US87165B1035,66.66999816894531,-88.7575504602555,38.95921941993021,,,6.103363950852916,,0.07363636363636364,5,Red Flag
PG,Procter & Gamble Company (The),-,153.6300048828125,-88.67183968735378,39.57928201704442,0.7244884056786288,,,,0.07333333333333333,5,Red Flag
ARES,Ares Management Corporation,US03990B1017,110.01000213623047,-88.590207368069,26.910422574626452,,,4.661946787985301,,0.0,5,Red Flag
BAC,Bank of America Corporation,-,48.63999938964844,-88.57822277061896,32.84556089545721,,,10.25083843650142,,0.04,5,Red Flag
RF,Regions Financial Corporation,-,27.040000915527344,-88.39603691002472,31.513566477314512,,,7.336606627107074,,0.023636363636363636,5,Red Flag
AAPL,Apple Inc.,US0378331005,257.4599914550781,-88.24085540698505,51.916046199511044,0.9737446648641658,,3.300907132327928,,0.4,5,Red Flag
MTB,M&T Bank Corporation,US55261FAG90,210.4600067138672,-88.16306739533132,34.06429865140531,,,6.3177502827569665,,0.00444444444444444,5,Red Flag
CSX,CSX Corporation,US1264081035,39.95000076293945,-87.8548056834734,44.4426579678445,0.8139163740823492,,3.609508041627247,,0.07454545454545454,5,Red Flag
STT,State Street Corporation,-,121.04000091552734,-87.85274241577477,37.49549491507038,,,12.147767680758593,,0.03333333333333333,5,Red Flag
OTIS,Otis Worldwide Corporation,US68902V1070,89.22000122070312,-87.6948342938399,48.02076422651523,0.8491379310344828,,-2.9532640949554896,,0.02,5,Red Flag
GS,"Goldman Sachs Group, Inc. (The)",-,821.4199829101562,-87.59804474713422,33.837739917447124,,,13.477803027878245,,0.2,5,Red Flag
HBAN,Huntington Bancshares Incorpora,-,16.309999465942383,-87.50000331136968,38.3292280814227,,,8.246117821050037,,0.06499999999999999,5,Red Flag
CFG,"Citizens Financial Group, Inc.",US1746101054,58.040000915527344,-87.4694808721968,28.18297043447427,,,7.600942356651594,,0.025227272727272727,5,Red Flag
PM,Philip Morris International Inc,AR0361136887,169.97999572753906,-87.3770464123411,25.106521102272396,0.9581547174263578,,-7.725935561336802,,0.16326599326599328,5,Red Flag
MKC,"McCormick & Company, Incorporat",-,64.8499984741211,-86.8965656342435,28.35723280700114,0.6982234994448436,,1.295615793602371,,0.0,5,Red Flag
NSC,Norfolk Southern Corporation,-,302.8399963378906,-86.89030725382013,32.514445131432836,0.8471523178807947,,1.9096288673055895,,-0.003611111111111109,5,Red Flag
JPM,JP Morgan Chase & Co.,-,289.4800109863281,-86.48390910923563,37.91385897371497,,,11.208708799849905,,0.1318181818181818,5,Red Flag
CI,The Cigna Group,US1255231003,271.6300048828125,-86.40765776816272,29.819113128855278,0.8486386709736964,,2.7819864310886295,,-0.006111111111111111,5,Red Flag
KDP,Keurig Dr Pepper Inc.,US49271V1008,28.25,-85.97882036058975,38.15789762626218,0.6352231604342582,,1.1734989810315097,,0.08,5,Red Flag
NTRS,Northern Trust Corporation,-,138.58999633789062,-85.9576253032991,39.58035536381042,,,12.669861628813312,,0.05454545454545454,5,Red Flag
KEY,KeyCorp,US4932671088,19.860000610351562,-85.79347817679322,35.08234913964942,,,8.046710171237917,,0.006666666666666666,5,Red Flag
DIS,Walt Disney Company (The),-,101.54000091552734,-85.7526572981014,34.34747206471006,0.6693476318141197,,,,0.0025000000000000022,5,Red Flag
RCL,Royal Caribbean Cruises Ltd.,LR0008862868,278.0799865722656,-85.57696395309581,29.63122123792172,0.18340937370385732,,3.1258344126731097,,0.0713997113997114,5,Red Flag
MAR,Marriott International,-,323.79998779296875,-85.55483035887474,28.887715531406783,0.426768278161467,,,,0.060606060606060594,5,Red Flag
WFC,Wells Fargo & Company,-,80.41999816894531,-85.53937836649934,34.687200251606114,,,10.852614608236665,,-0.02,5,Red Flag
PHM,"PulteGroup, Inc.",US7458671010,127.83999633789062,-85.47976135533136,19.10156265013778,,,0.3898967012443627,,0.0625,5,Red Flag
PLD,"Prologis, Inc.",US74340W1036,134.5399932861328,-85.15838066318408,39.21089891523685,,,0.7702162108080852,,-0.005,5,Red Flag
URI,"United Rentals, Inc.",US9113631090,809.5999755859375,-85.08186767310079,37.99878882366147,0.9447499345378372,,2.33028545941124,,0.12444444444444444,5,Red Flag
C,"Citigroup, Inc.",US1729674242,106.52999877929688,-84.41322474038634,43.42943211340135,,,11.509578832828524,,0.08,5,Red Flag
ARE,Alexandria Real Estate Equities,US0152711091,50.72999954223633,-84.27110498418023,42.554977505534865,,,0.9647919498748228,,0.06962962962962962,5,Red Flag
AMP,"Ameriprise Financial, Inc.",US03076C1062,464.8900146484375,-83.36302978636284,46.28092443077537,,,28.150099251794167,,0.01888888888888889,5,Red Flag
JBHT,"J.B. Hunt Transport Services, I",US4456581077,213.38999938964844,-83.30877346657319,43.39593201663562,0.8288918295103245,,1.2235528746158928,,-0.044015151515151514,5,Red Flag
MS,Morgan Stanley,US6174464486,160.27000427246094,-83.16798190870097,39.00123187017514,,,11.71364841622474,,0.18727272727272726,5,Red Flag
BX,Blackstone Inc.,-,110.4000015258789,-83.0891603829469,29.618768375311248,,,2.980523398118014,,-0.02,5,Red Flag
TROW,"T. Rowe Price Group, Inc.",US74144T1088,90.4000015258789,-82.89623062528871,38.961891127245465,,,0.2107347077835379,,0.1438095238095238,5,Red Flag
HLT,Hilton Worldwide Holdings Inc.,US43300A2033,298.6400146484375,-82.18571324176635,33.48125183889789,0.6645962732919255,,-4.1054194506310315,,-0.05611111111111111,5,Red Flag
CPB,The Campbell's Company,-,25.799999237060547,-81.67643702755468,23.605159934784538,0.818849840255591,,2.8354814253222136,,0.05,5,Red Flag
BK,The Bank of New York Mellon Cor,-,115.2300033569336,-81.45693478265862,43.67121967960393,,,9.647101302100964,,0.053030303030303025,5,Red Flag
GIS,"General Mills, Inc.",US3703341046,44.290000915527344,-81.2883261495724,28.202365441542113,0.657482918227904,,2.4924004980464556,,0.13166666666666668,5,Red Flag
JCI,Johnson Controls International ,IE00BY7QL619,132.39999389648438,-81.21041291060199,38.63031209972988,0.994286258451576,,0.5474098757952136,,0.08,5,Red Flag
MET,"MetLife, Inc.",US59156R1086,71.83000183105469,-81.18812130490397,33.29270527944503,,,25.221670540178884,,-0.025,5,Red Flag
JBL,Jabil Inc.,US4663131039,241.08999633789062,-80.7979152708205,41.72732530425334,0.9887269727797635,,13.340029761904763,,0.16999999999999998,5,Red Flag
MDLZ,"Mondelez International, Inc.",-,58.400001525878906,-80.73389165561338,34.28359169558689,0.5923435784851812,,1.764687669324251,,-0.050555555555555555,5,Red Flag
UDR,"UDR, Inc.",US9026531049,37.25,-80.21974336724642,38.888894495436,,,1.9635048238355803,,0.14333333333333334,5,Red Flag
